First Last,First,Last,Company,Domain
Jeff Barney,Jeff,Barney,"Nekter Juice Bar, Inc.",www.nekterjuicebar.com
Danny Mcphail,Danny,Mcphail,Liquipel LLC,www.liquipel.com
Binoj Jacob P Chacko,Binoj,Chacko,Best Choice Products,www.bestchoiceproducts.com
Stuart Denyer,Stuart,Denyer,New Western Acquisitions,www.newwestern.com
Amanda Leah Smith,Amanda,Smith,Quicksilver Scientific,www.quicksilverscientific.com
Joanne Hodge,Joanne,Hodge,Best Choice Products,www.bestchoiceproducts.com
Vanesa Aguirre,Vanesa,Aguirre,"Nekter Juice Bar, Inc.",www.nekterjuicebar.com
Nick Green,Nick,Green,"Nekter Juice Bar, Inc.",www.nekterjuicebar.com
Tom Patrick Dore,Tom,Dore,"Nekter Juice Bar, Inc.",www.nekterjuicebar.com
Tina Blattner,Tina,Blattner,"Nekter Juice Bar, Inc.",www.nekterjuicebar.com
Wendy Johnson,Wendy,Johnson,"ALASTIN Skincare, Inc.",www.alastin.com
Scott Hileman,Scott,Hileman,"Nekter Juice Bar, Inc.",www.nekterjuicebar.com
Diane Goostree,Diane,Goostree,"ALASTIN Skincare, Inc.",www.alastin.com
Christina Multari,Christina,Multari,Synergy Comp Insurance Company,www.synergyinsurance.com
Sam Winkler,Sam,Winkler,Liquipel LLC,www.liquipel.com
Jade Eng,Jade,Eng,"Nekter Juice Bar, Inc.",www.nekterjuicebar.com
Shannon Hesse Rodriguez,Shannon,Rodriguez,"Nekter Juice Bar, Inc.",www.nekterjuicebar.com
Amy Newbanks Letke,Amy,Letke,Integrity HR,www.integrityhr.com
Kristie Shafer Nicolosi,Kristie,Nicolosi,The Kingswood Company,www.thekingswoodcompany.com
Sean Busch,,,Puracy LLC,www.puracy.com
