First Last,First,Last,Company,Domain
Arlene Vdb,Arlene,Vdb,"Nekter Juice Bar, Inc.",www.nekterjuicebar.com
Ron Pulliam,Ron,Pulliam,Givelify,www.givelify.com
Jason Steele,Jason,Steele,"Nekter Juice Bar, Inc.",www.nekterjuicebar.com
Michelle Ahbe,Michelle,Ahbe,Quicksilver Scientific,www.quicksilverscientific.com
Tom Christenson,Tom,Christenson,"ALASTIN Skincare, Inc.",www.alastin.com
Smith Spencer,Smith,Spencer,Best Choice Products,www.bestchoiceproducts.com
Daniel Timothy Turner,Daniel,Turner,Best Choice Products,www.bestchoiceproducts.com
Yuen Lepe,Yuen,Lepe,"Nekter Juice Bar, Inc.",www.nekterjuicebar.com
Lili Garcia,Lili,Garcia,"Nekter Juice Bar, Inc.",www.nekterjuicebar.com
Katherine Kielar,Katherine,Kielar,"Full Circle Home, LLC",www.fullcirclehome.com
Cheyenne Dexter Huey,Cheyenne,Huey,Quicksilver Scientific,www.quicksilverscientific.com
Jackie Rodriguez,Jackie,Rodriguez,Givelify,www.givelify.com
Ryan Jackson,Ryan,Jackson,RestorePro Reconstruction,www.trustrestorepro.com
Meghan Hirons Terrell,Meghan,Terrell,Givelify,www.givelify.com
Kris Valentine,Kris,Valentine,"Nekter Juice Bar, Inc.",www.nekterjuicebar.com
Tama Williamson,Tama,Williamson,TriggerPoint Media,www.triggerpointmedia.com
Matthew Kolb,Matthew,Kolb,Accretive Capital LLC,www.benzinga.com
Jaron Klopstein,Jaron,Klopstein,Motus Logistics (Formerly Iss),www.motuslogistics.com
Catherine Kanoe Corpus,Catherine,Corpus,Infowest Inc,www.infowest.com
Lindie Thompson Royall,,,Little Poppy Co,www.littlepoppyco.com
